{"scene_jeu_fond_horizon_velo":{"x":0,"y":0,"width":16,"height":16},"scene_jeu_fond_horizon_smile":{"x":0,"y":17,"width":16,"height":16},"scene_jeu_fond_horizon":{"x":17,"y":0,"width":16,"height":16},"scene_jeu_bordbas":{"x":17,"y":17,"width":16,"height":16},"scene_jeu_coinBD":{"x":0,"y":34,"width":16,"height":16},"scene_jeu_borddroite":{"x":17,"y":34,"width":16,"height":16},"scene_jeu_coinHD":{"x":34,"y":0,"width":16,"height":16},"scene_jeu_bordgauche":{"x":34,"y":17,"width":16,"height":16},"scene_jeu_coinHG":{"x":34,"y":34,"width":16,"height":16},"scene_jeu_bordhaut":{"x":0,"y":51,"width":16,"height":16},"scene_jeu_coinBG":{"x":17,"y":51,"width":16,"height":16},"scene_jeu_fond_bas":{"x":34,"y":51,"width":16,"height":16},"scene_jeu_fondjaune":{"x":51,"y":0,"width":16,"height":16}}
