{ "frames": [
   {
    "filename": "{punch} 0.aseprite",
    "frame": { "x": 0, "y": 0, "w": 256, "h": 256 },
    "rotated": false,
    "trimmed": false,
    "spriteSourceSize": { "x": 0, "y": 0, "w": 256, "h": 256 },
    "sourceSize": { "w": 256, "h": 256 },
    "duration": 1
   },
   {
    "filename": "{punch} 1.aseprite",
    "frame": { "x": 256, "y": 0, "w": 256, "h": 256 },
    "rotated": false,
    "trimmed": false,
    "spriteSourceSize": { "x": 0, "y": 0, "w": 256, "h": 256 },
    "sourceSize": { "w": 256, "h": 256 },
    "duration": 1
   },
   {
    "filename": "{punch} 2.aseprite",
    "frame": { "x": 512, "y": 0, "w": 256, "h": 256 },
    "rotated": false,
    "trimmed": false,
    "spriteSourceSize": { "x": 0, "y": 0, "w": 256, "h": 256 },
    "sourceSize": { "w": 256, "h": 256 },
    "duration": 1
   },
   {
    "filename": "{punch} 3.aseprite",
    "frame": { "x": 768, "y": 0, "w": 256, "h": 256 },
    "rotated": false,
    "trimmed": false,
    "spriteSourceSize": { "x": 0, "y": 0, "w": 256, "h": 256 },
    "sourceSize": { "w": 256, "h": 256 },
    "duration": 1
   },
   {
    "filename": "{punch} 4.aseprite",
    "frame": { "x": 1024, "y": 0, "w": 256, "h": 256 },
    "rotated": false,
    "trimmed": false,
    "spriteSourceSize": { "x": 0, "y": 0, "w": 256, "h": 256 },
    "sourceSize": { "w": 256, "h": 256 },
    "duration": 1
   },
   {
    "filename": "{punch} 5.aseprite",
    "frame": { "x": 1280, "y": 0, "w": 256, "h": 256 },
    "rotated": false,
    "trimmed": false,
    "spriteSourceSize": { "x": 0, "y": 0, "w": 256, "h": 256 },
    "sourceSize": { "w": 256, "h": 256 },
    "duration": 1
   },
   {
    "filename": "{punch} 6.aseprite",
    "frame": { "x": 1536, "y": 0, "w": 256, "h": 256 },
    "rotated": false,
    "trimmed": false,
    "spriteSourceSize": { "x": 0, "y": 0, "w": 256, "h": 256 },
    "sourceSize": { "w": 256, "h": 256 },
    "duration": 1
   },
   {
    "filename": "{punch} 7.aseprite",
    "frame": { "x": 1792, "y": 0, "w": 256, "h": 256 },
    "rotated": false,
    "trimmed": false,
    "spriteSourceSize": { "x": 0, "y": 0, "w": 256, "h": 256 },
    "sourceSize": { "w": 256, "h": 256 },
    "duration": 1
   }
 ],
 "meta": {
  "app": "https://www.aseprite.org/",
  "version": "1.2.40-x64",
  "format": "RGBA8888",
  "size": { "w": 2048, "h": 256 },
  "scale": "1",
  "frameTags": [
   { "name": "hit", "from": 0, "to": 7, "direction": "forward" }
  ],
  "layers": [
   { "name": "Layer 4", "opacity": 255, "blendMode": "normal" },
   { "name": "Layer 3", "opacity": 255, "blendMode": "normal" }
  ],
  "slices": [
  ]
 }
}
