{ "frames": [
   {
    "filename": "{etabli} 0.aseprite",
    "frame": { "x": 0, "y": 0, "w": 64, "h": 32 },
    "rotated": false,
    "trimmed": false,
    "spriteSourceSize": { "x": 0, "y": 0, "w": 64, "h": 32 },
    "sourceSize": { "w": 64, "h": 32 },
    "duration": 250
   },
   {
    "filename": "{etabli} 1.aseprite",
    "frame": { "x": 64, "y": 0, "w": 64, "h": 32 },
    "rotated": false,
    "trimmed": false,
    "spriteSourceSize": { "x": 0, "y": 0, "w": 64, "h": 32 },
    "sourceSize": { "w": 64, "h": 32 },
    "duration": 250
   },
   {
    "filename": "{etabli} 2.aseprite",
    "frame": { "x": 128, "y": 0, "w": 64, "h": 32 },
    "rotated": false,
    "trimmed": false,
    "spriteSourceSize": { "x": 0, "y": 0, "w": 64, "h": 32 },
    "sourceSize": { "w": 64, "h": 32 },
    "duration": 250
   },
   {
    "filename": "{etabli} 3.aseprite",
    "frame": { "x": 192, "y": 0, "w": 64, "h": 32 },
    "rotated": false,
    "trimmed": false,
    "spriteSourceSize": { "x": 0, "y": 0, "w": 64, "h": 32 },
    "sourceSize": { "w": 64, "h": 32 },
    "duration": 250
   },
   {
    "filename": "{etabli} 4.aseprite",
    "frame": { "x": 256, "y": 0, "w": 64, "h": 32 },
    "rotated": false,
    "trimmed": false,
    "spriteSourceSize": { "x": 0, "y": 0, "w": 64, "h": 32 },
    "sourceSize": { "w": 64, "h": 32 },
    "duration": 250
   },
   {
    "filename": "{etabli} 5.aseprite",
    "frame": { "x": 320, "y": 0, "w": 64, "h": 32 },
    "rotated": false,
    "trimmed": false,
    "spriteSourceSize": { "x": 0, "y": 0, "w": 64, "h": 32 },
    "sourceSize": { "w": 64, "h": 32 },
    "duration": 250
   },
   {
    "filename": "{etabli} 6.aseprite",
    "frame": { "x": 384, "y": 0, "w": 64, "h": 32 },
    "rotated": false,
    "trimmed": false,
    "spriteSourceSize": { "x": 0, "y": 0, "w": 64, "h": 32 },
    "sourceSize": { "w": 64, "h": 32 },
    "duration": 250
   },
   {
    "filename": "{etabli} 7.aseprite",
    "frame": { "x": 448, "y": 0, "w": 64, "h": 32 },
    "rotated": false,
    "trimmed": false,
    "spriteSourceSize": { "x": 0, "y": 0, "w": 64, "h": 32 },
    "sourceSize": { "w": 64, "h": 32 },
    "duration": 250
   }
 ],
 "meta": {
  "app": "https://www.aseprite.org/",
  "version": "1.2.40-x64",
  "image": "Sprite_etabli.png",
  "format": "RGBA8888",
  "size": { "w": 512, "h": 32 },
  "scale": "1",
  "frameTags": [
   { "name": "idle", "from": 0, "to": 7, "direction": "forward" }
  ],
  "layers": [
   { "name": "Layer 1", "opacity": 255, "blendMode": "normal" }
  ],
  "slices": [
  ]
 }
}
