{ "frames": [
   {
    "filename": "{velopied} 0.aseprite",
    "frame": { "x": 0, "y": 0, "w": 32, "h": 32 },
    "rotated": false,
    "trimmed": false,
    "spriteSourceSize": { "x": 0, "y": 0, "w": 32, "h": 32 },
    "sourceSize": { "w": 32, "h": 32 },
    "duration": 100
   },
   {
    "filename": "{velopied} 1.aseprite",
    "frame": { "x": 32, "y": 0, "w": 32, "h": 32 },
    "rotated": false,
    "trimmed": false,
    "spriteSourceSize": { "x": 0, "y": 0, "w": 32, "h": 32 },
    "sourceSize": { "w": 32, "h": 32 },
    "duration": 100
   },
   {
    "filename": "{velopied} 2.aseprite",
    "frame": { "x": 64, "y": 0, "w": 32, "h": 32 },
    "rotated": false,
    "trimmed": false,
    "spriteSourceSize": { "x": 0, "y": 0, "w": 32, "h": 32 },
    "sourceSize": { "w": 32, "h": 32 },
    "duration": 100
   },
   {
    "filename": "{velopied} 3.aseprite",
    "frame": { "x": 96, "y": 0, "w": 32, "h": 32 },
    "rotated": false,
    "trimmed": false,
    "spriteSourceSize": { "x": 0, "y": 0, "w": 32, "h": 32 },
    "sourceSize": { "w": 32, "h": 32 },
    "duration": 100
   }
 ],
 "meta": {
  "app": "https://www.aseprite.org/",
  "version": "1.2.40-x64",
  "image": "Sprite_velosurpied.png",
  "format": "RGBA8888",
  "size": { "w": 128, "h": 32 },
  "scale": "1",
  "frameTags": [
   { "name": "idle", "from": 0, "to": 3, "direction": "forward" }
  ],
  "layers": [
   { "name": "velopied", "opacity": 255, "blendMode": "normal" },
   { "name": "ombre", "opacity": 255, "blendMode": "normal" }
  ],
  "slices": [
  ]
 }
}
