{"tuile1":{"x":0,"y":0,"width":16,"height":16},"tuile2":{"x":0,"y":17,"width":16,"height":16},"coinHauteGauche":{"x":17,"y":0,"width":16,"height":16},"murFond":{"x":17,"y":17,"width":16,"height":16},"tuile3":{"x":0,"y":34,"width":16,"height":16},"tuileOmbre":{"x":17,"y":34,"width":16,"height":16},"coinHauteDroite":{"x":34,"y":0,"width":16,"height":16},"basMurFond":{"x":34,"y":17,"width":16,"height":16},"bordHaute":{"x":34,"y":34,"width":16,"height":16},"bordDroite":{"x":0,"y":51,"width":16,"height":16},"coinBasGauche":{"x":17,"y":51,"width":16,"height":16},"sortieDroite":{"x":34,"y":51,"width":16,"height":16},"coinBasDroite":{"x":51,"y":0,"width":16,"height":16},"bordBas":{"x":51,"y":17,"width":16,"height":16},"bordGauche":{"x":51,"y":34,"width":16,"height":16},"sortieHautDroite":{"x":51,"y":51,"width":16,"height":16},"sortieBasDroite":{"x":0,"y":68,"width":16,"height":16},"sortieBasGauche":{"x":17,"y":68,"width":16,"height":16},"sortieGauche":{"x":34,"y":68,"width":16,"height":16},"sortieHautGauche":{"x":51,"y":68,"width":16,"height":16},"fond":{"x":68,"y":0,"width":16,"height":16}}
