{"scene_out_tile_sortieHgauche":{"x":0,"y":0,"width":16,"height":16},"scene_out_tile_sortieBgauche":{"x":0,"y":17,"width":16,"height":16},"scene_out_tile_replicoinbasgauche":{"x":17,"y":0,"width":16,"height":16},"scene_out_tile_replicoinbasdroite":{"x":17,"y":17,"width":16,"height":16},"scene_out_tile_ombre":{"x":0,"y":34,"width":16,"height":16},"scene_out_tile_mur":{"x":17,"y":34,"width":16,"height":16},"scene_out_tile_herbefleur":{"x":34,"y":0,"width":16,"height":16},"scene_out_tile_herbe3":{"x":34,"y":17,"width":16,"height":16},"scene_out_tile_herbe2":{"x":34,"y":34,"width":16,"height":16},"scene_out_tile_herbe":{"x":0,"y":51,"width":16,"height":16},"scene_out_tile_coinHG":{"x":17,"y":51,"width":16,"height":16},"scene_out_tile_coinHD":{"x":34,"y":51,"width":16,"height":16},"scene_out_tile_coinBD":{"x":51,"y":0,"width":16,"height":16},"scene_out_tile_coinbasgauche":{"x":51,"y":17,"width":16,"height":16},"scene_out_tile_cheminvertical":{"x":51,"y":34,"width":16,"height":16},"scene_out_tile_cheminhorizontal":{"x":51,"y":51,"width":16,"height":16},"scene_out_tile_chemincoinHG":{"x":0,"y":68,"width":16,"height":16},"scene_out_tile_chemincoinHD":{"x":17,"y":68,"width":16,"height":16},"scene_out_tile_chemincoinBG":{"x":34,"y":68,"width":16,"height":16},"scene_out_tile_chemincoinBD":{"x":51,"y":68,"width":16,"height":16},"scene_out_tile_bordhaut":{"x":68,"y":0,"width":16,"height":16},"scene_out_tile_bordgauche":{"x":68,"y":17,"width":16,"height":16},"scene_out_tile_borddroite":{"x":68,"y":34,"width":16,"height":16},"scene_out_tile_bordbas":{"x":68,"y":51,"width":16,"height":16},"scene_out_tile_BG3":{"x":68,"y":68,"width":16,"height":16},"scene_out_tile_BG2":{"x":0,"y":85,"width":16,"height":16},"scene_out_tile_BG1":{"x":17,"y":85,"width":16,"height":16}}
